Workbook

Sheet Summary
A1: Marketplace Payout Reconciliation Report
A2: SAMPLE DATA: synthetic invoices and payments generated for demonstration. Not real client data.
A4: Match tolerance ($) | B4: 0.01 | C4: Input: a difference within this amount counts as Paid.
A6: Status | B6: Invoices | C6: % of Invoices | D6: Invoiced ($) | E6: Paid ($) | F6: Difference ($)
A7: Paid | B7: =COUNTIF(Reconciliation!$I$2:$I$101,A7) -> 50 | C7: =IF($B$12=0,0,B7/$B$12) -> 0.5 | D7: =SUMIF(Reconciliation!$I$2:$I$101,A7,Reconciliation!$E$2:$E$101) -> 45617 | E7: =SUMIF(Reconciliation!$I$2:$I$101,A7,Reconciliation!$F$2:$F$101) -> 45617 | F7: =SUMIF(Reconciliation!$I$2:$I$101,A7,Reconciliation!$H$2:$H$101) -> 0
A8: Unpaid | B8: =COUNTIF(Reconciliation!$I$2:$I$101,A8) -> 15 | C8: =IF($B$12=0,0,B8/$B$12) -> 0.15 | D8: =SUMIF(Reconciliation!$I$2:$I$101,A8,Reconciliation!$E$2:$E$101) -> 16210.05 | E8: =SUMIF(Reconciliation!$I$2:$I$101,A8,Reconciliation!$F$2:$F$101) -> 0 | F8: =SUMIF(Reconciliation!$I$2:$I$101,A8,Reconciliation!$H$2:$H$101) -> 16210.05
A9: Short Pay | B9: =COUNTIF(Reconciliation!$I$2:$I$101,A9) -> 15 | C9: =IF($B$12=0,0,B9/$B$12) -> 0.15 | D9: =SUMIF(Reconciliation!$I$2:$I$101,A9,Reconciliation!$E$2:$E$101) -> 16994.88 | E9: =SUMIF(Reconciliation!$I$2:$I$101,A9,Reconciliation!$F$2:$F$101) -> 13256.11 | F9: =SUMIF(Reconciliation!$I$2:$I$101,A9,Reconciliation!$H$2:$H$101) -> 3738.77
A10: Overpaid | B10: =COUNTIF(Reconciliation!$I$2:$I$101,A10) -> 10 | C10: =IF($B$12=0,0,B10/$B$12) -> 0.1 | D10: =SUMIF(Reconciliation!$I$2:$I$101,A10,Reconciliation!$E$2:$E$101) -> 11373.52 | E10: =SUMIF(Reconciliation!$I$2:$I$101,A10,Reconciliation!$F$2:$F$101) -> 13545.52 | F10: =SUMIF(Reconciliation!$I$2:$I$101,A10,Reconciliation!$H$2:$H$101) -> -2172
A11: Duplicate | B11: =COUNTIF(Reconciliation!$I$2:$I$101,A11) -> 10 | C11: =IF($B$12=0,0,B11/$B$12) -> 0.1 | D11: =SUMIF(Reconciliation!$I$2:$I$101,A11,Reconciliation!$E$2:$E$101) -> 8123.22 | E11: =SUMIF(Reconciliation!$I$2:$I$101,A11,Reconciliation!$F$2:$F$101) -> 16246.44 | F11: =SUMIF(Reconciliation!$I$2:$I$101,A11,Reconciliation!$H$2:$H$101) -> -8123.22
A12: Total | B12: =SUM(B7:B11) -> 100 | C12: =SUM(C7:C11) -> 1 | D12: =SUM(D7:D11) -> 98318.67 | E12: =SUM(E7:E11) -> 88665.07 | F12: =SUM(F7:F11) -> 9653.6
A14: Key findings
A15: Money owed (Unpaid + Short Pay) ($) | B15: =F8+F9 -> 19948.82
A16: Excess received (Overpaid + Duplicate) ($) | B16: =-(F10+F11) -> 10295.22
A17: Unapplied payments (count) | B17: =COUNTIF(Payments!$G$2:$G$106,"Unapplied") -> 10
A18: Unapplied payments ($) | B18: =SUMIF(Payments!$G$2:$G$106,"Unapplied",Payments!$E$2:$E$106) -> 2482.72
A20: How to read this: the Reconciliation sheet matches every invoice to its payments by Account + PO Number. Filter the Status column to see exactly which invoices to chase.
A21: Status rules: Unpaid = no payment; Paid = matches within tolerance; Short Pay = paid less; Overpaid = paid more; Duplicate = 2+ payments totalling 2x, 3x or 4x the invoice.

Sheet Reconciliation
A1: Invoice ID | B1: Account | C1: PO Number | D1: Invoice Date | E1: Invoice Amount | F1: Total Paid | G1: Payments | H1: Difference | I1: Status
A2: 1 | B2: AC2000 | C2: PO100001 | D2: 46192 | E2: 1830.62 | F2: =SUMIFS(Payments!$E$2:$E$106,Payments!$B$2:$B$106,B2,Payments!$C$2:$C$106,C2) -> 0 | G2: =COUNTIFS(Payments!$B$2:$B$106,B2,Payments!$C$2:$C$106,C2) -> 0 | H2: =ROUND(E2-F2,2) -> 1830.62 | I2: =IF(G2=0,"Unpaid",IF(ABS(H2)<=Summary!$B$4,"Paid",IF(H2>Summary!$B$4,"Short Pay",IF(AND(G2>=2,OR(ABS(F2-2*E2)<=Summary!$B$4,ABS(F2-3*E2)<=Summary!$B$4,ABS(F2-4*E2)<=Summary!$B$4)),"Duplicate","Overpaid")))) -> Unpaid
A3: 2 | B3: AC3000 | C3: PO100002 | D3: 46189 | E3: 464.62 | F3: =SUMIFS(Payments!$E$2:$E$106,Payments!$B$2:$B$106,B3,Payments!$C$2:$C$106,C3) -> 0 | G3: =COUNTIFS(Payments!$B$2:$B$106,B3,Payments!$C$2:$C$106,C3) -> 0 | H3: =ROUND(E3-F3,2) -> 464.62 | I3: =IF(G3=0,"Unpaid",IF(ABS(H3)<=Summary!$B$4,"Paid",IF(H3>Summary!$B$4,"Short Pay",IF(AND(G3>=2,OR(ABS(F3-2*E3)<=Summary!$B$4,ABS(F3-3*E3)<=Summary!$B$4,ABS(F3-4*E3)<=Summary!$B$4)),"Duplicate","Overpaid")))) -> Unpaid
A4: 3 | B4: AC4000 | C4: PO100003 | D4: 46194 | E4: 1775.13 | F4: =SUMIFS(Payments!$E$2:$E$106,Payments!$B$2:$B$106,B4,Payments!$C$2:$C$106,C4) -> 1775.13 | G4: =COUNTIFS(Payments!$B$2:$B$106,B4,Payments!$C$2:$C$106,C4) -> 1 | H4: =ROUND(E4-F4,2) -> 0 | I4: =IF(G4=0,"Unpaid",IF(ABS(H4)<=Summary!$B$4,"Paid",IF(H4>Summary!$B$4,"Short Pay",IF(AND(G4>=2,OR(ABS(F4-2*E4)<=Summary!$B$4,ABS(F4-3*E4)<=Summary!$B$4,ABS(F4-4*E4)<=Summary!$B$4)),"Duplicate","Overpaid")))) -> Paid
A5: 4 | B5: AC2000 | C5: PO100005 | D5: 46191 | E5: 1502.73 | F5: =SUMIFS(Payments!$E$2:$E$106,Payments!$B$2:$B$106,B5,Payments!$C$2:$C$106,C5) -> 1502.73 | G5: =COUNTIFS(Payments!$B$2:$B$106,B5,Payments!$C$2:$C$106,C5) -> 1 | H5: =ROUND(E5-F5,2) -> 0 | I5: =IF(G5=0,"Unpaid",IF(ABS(H5)<=Summary!$B$4,"Paid",IF(H5>Summary!$B$4,"Short Pay",IF(AND(G5>=2,OR(ABS(F5-2*E5)<=Summary!$B$4,ABS(F5-3*E5)<=Summary!$B$4,ABS(F5-4*E5)<=Summary!$B$4)),"Duplicate","Overpaid")))) -> Paid
A6: 5 | B6: AC4000 | C6: PO100006 | D6: 46186 | E6: 1800.75 | F6: =SUMIFS(Payments!$E$2:$E$106,Payments!$B$2:$B$106,B6,Payments!$C$2:$C$106,C6) -> 1161.12 | G6: =COUNTIFS(Payments!$B$2:$B$106,B6,Payments!$C$2:$C$106,C6) -> 1 | H6: =ROUND(E6-F6,2) -> 639.63 | I6: =IF(G6=0,"Unpaid",IF(ABS(H6)<=Summary!$B$4,"Paid",IF(H6>Summary!$B$4,"Short Pay",IF(AND(G6>=2,OR(ABS(F6-2*E6)<=Summary!$B$4,ABS(F6-3*E6)<=Summary!$B$4,ABS(F6-4*E6)<=Summary!$B$4)),"Duplicate","Overpaid")))) -> Short Pay
A7: 6 | B7: AC4000 | C7: PO100007 | D7: 46175 | E7: 227.27 | F7: =SUMIFS(Payments!$E$2:$E$106,Payments!$B$2:$B$106,B7,Payments!$C$2:$C$106,C7) -> 0 | G7: =COUNTIFS(Payments!$B$2:$B$106,B7,Payments!$C$2:$C$106,C7) -> 0 | H7: =ROUND(E7-F7,2) -> 227.27 | I7: =IF(G7=0,"Unpaid",IF(ABS(H7)<=Summary!$B$4,"Paid",IF(H7>Summary!$B$4,"Short Pay",IF(AND(G7>=2,OR(ABS(F7-2*E7)<=Summary!$B$4,ABS(F7-3*E7)<=Summary!$B$4,ABS(F7-4*E7)<=Summary!$B$4)),"Duplicate","Overpaid")))) -> Unpaid
A8: 7 | B8: AC1000 | C8: PO100008 | D8: 46179 | E8: 348.04 | F8: =SUMIFS(Payments!$E$2:$E$106,Payments!$B$2:$B$106,B8,Payments!$C$2:$C$106,C8) -> 348.04 | G8: =COUNTIFS(Payments!$B$2:$B$106,B8,Payments!$C$2:$C$106,C8) -> 1 | H8: =ROUND(E8-F8,2) -> 0 | I8: =IF(G8=0,"Unpaid",IF(ABS(H8)<=Summary!$B$4,"Paid",IF(H8>Summary!$B$4,"Short Pay",IF(AND(G8>=2,OR(ABS(F8-2*E8)<=Summary!$B$4,ABS(F8-3*E8)<=Summary!$B$4,ABS(F8-4*E8)<=Summary!$B$4)),"Duplicate","Overpaid")))) -> Paid
A9: 8 | B9: AC1000 | C9: PO100009 | D9: 46193 | E9: 800.3 | F9: =SUMIFS(Payments!$E$2:$E$106,Payments!$B$2:$B$106,B9,Payments!$C$2:$C$106,C9) -> 1039.61 | G9: =COUNTIFS(Payments!$B$2:$B$106,B9,Payments!$C$2:$C$106,C9) -> 1 | H9: =ROUND(E9-F9,2) -> -239.31 | I9: =IF(G9=0,"Unpaid",IF(ABS(H9)<=Summary!$B$4,"Paid",IF(H9>Summary!$B$4,"Short Pay",IF(AND(G9>=2,OR(ABS(F9-2*E9)<=Summary!$B$4,ABS(F9-3*E9)<=Summary!$B$4,ABS(F9-4*E9)<=Summary!$B$4)),"Duplicate","Overpaid")))) -> Overpaid
A10: 9 | B10: AC1000 | C10: PO100010 | D10: 46177 | E10: 1376.55 | F10: =SUMIFS(Payments!$E$2:$E$106,Payments!$B$2:$B$106,B10,Payments!$C$2:$C$106,C10) -> 1376.55 | G10: =COUNTIFS(Payments!$B$2:$B$106,B10,Payments!$C$2:$C$106,C10) -> 1 | H10: =ROUND(E10-F10,2) -> 0 | I10: =IF(G10=0,"Unpaid",IF(ABS(H10)<=Summary!$B$4,"Paid",IF(H10>Summary!$B$4,"Short Pay",IF(AND(G10>=2,OR(ABS(F10-2*E10)<=Summary!$B$4,ABS(F10-3*E10)<=Summary!$B$4,ABS(F10-4*E10)<=Summary!$B$4)),"Duplicate","Overpaid")))) -> Paid
A11: 10 | B11: AC3000 | C11: PO100011 | D11: 46187 | E11: 267.53 | F11: =SUMIFS(Payments!$E$2:$E$106,Payments!$B$2:$B$106,B11,Payments!$C$2:$C$106,C11) -> 291.48 | G11: =COUNTIFS(Payments!$B$2:$B$106,B11,Payments!$C$2:$C$106,C11) -> 1 | H11: =ROUND(E11-F11,2) -> -23.95 | I11: =IF(G11=0,"Unpaid",IF(ABS(H11)<=Summary!$B$4,"Paid",IF(H11>Summary!$B$4,"Short Pay",IF(AND(G11>=2,OR(ABS(F11-2*E11)<=Summary!$B$4,ABS(F11-3*E11)<=Summary!$B$4,ABS(F11-4*E11)<=Summary!$B$4)),"Duplicate","Overpaid")))) -> Overpaid
A12: 11 | B12: AC3000 | C12: PO100012 | D12: 46198 | E12: 1945.18 | F12: =SUMIFS(Payments!$E$2:$E$106,Payments!$B$2:$B$106,B12,Payments!$C$2:$C$106,C12) -> 2129.32 | G12: =COUNTIFS(Payments!$B$2:$B$106,B12,Payments!$C$2:$C$106,C12) -> 1 | H12: =ROUND(E12-F12,2) -> -184.14 | I12: =IF(G12=0,"Unpaid",IF(ABS(H12)<=Summary!$B$4,"Paid",IF(H12>Summary!$B$4,"Short Pay",IF(AND(G12>=2,OR(ABS(F12-2*E12)<=Summary!$B$4,ABS(F12-3*E12)<=Summary!$B$4,ABS(F12-4*E12)<=Summary!$B$4)),"Duplicate","Overpaid")))) -> Overpaid
A13: 12 | B13: AC3000 | C13: PO100013 | D13: 46190 | E13: 1691.26 | F13: =SUMIFS(Payments!$E$2:$E$106,Payments!$B$2:$B$106,B13,Payments!$C$2:$C$106,C13) -> 1691.26 | G13: =COUNTIFS(Payments!$B$2:$B$106,B13,Payments!$C$2:$C$106,C13) -> 1 | H13: =ROUND(E13-F13,2) -> 0 | I13: =IF(G13=0,"Unpaid",IF(ABS(H13)<=Summary!$B$4,"Paid",IF(H13>Summary!$B$4,"Short Pay",IF(AND(G13>=2,OR(ABS(F13-2*E13)<=Summary!$B$4,ABS(F13-3*E13)<=Summary!$B$4,ABS(F13-4*E13)<=Summary!$B$4)),"Duplicate","Overpaid")))) -> Paid
... A101: 100 | B101: AC2000 | C101: PO100110 | D101: 46186 | E101: 344.12 | F101: =SUMIFS(Payments!$E$2:$E$106,Payments!$B$2:$B$106,B101,Payments!$C$2:$C$106,C101) -> 688.24 | G101: =COUNTIFS(Payments!$B$2:$B$106,B101,Payments!$C$2:$C$106,C101) -> 2 | H101: =ROUND(E101-F101,2) -> -344.12 | I101: =IF(G101=0,"Unpaid",IF(ABS(H101)<=Summary!$B$4,"Paid",IF(H101>Summary!$B$4,"Short Pay",IF(AND(G101>=2,OR(ABS(F101-2*E101)<=Summary!$B$4,ABS(F101-3*E101)<=Summary!$B$4,ABS(F101-4*E101)<=Summary!$B$4)),"Duplicate","Overpaid")))) -> Duplicate

Sheet Payments
A1: Payment ID | B1: Account | C1: PO Number | D1: Payment Date | E1: Payment Amount | F1: Reference | G1: Invoice Match
A2: 1 | B2: AC4000 | C2: PO100003 | D2: 46213 | E2: 1775.13 | F2: PMT1 | G2: =IF(COUNTIFS(Reconciliation!$B$2:$B$101,B2,Reconciliation!$C$2:$C$101,C2)=0,"Unapplied","Applied") -> Applied
A3: 2 | B3: AC4000 | C3: PO100004 | D3: 46203 | E3: 114.29 | F3: PMT2 | G3: =IF(COUNTIFS(Reconciliation!$B$2:$B$101,B3,Reconciliation!$C$2:$C$101,C3)=0,"Unapplied","Applied") -> Unapplied
A4: 3 | B4: AC2000 | C4: PO100005 | D4: 46204 | E4: 1502.73 | F4: PMT3 | G4: =IF(COUNTIFS(Reconciliation!$B$2:$B$101,B4,Reconciliation!$C$2:$C$101,C4)=0,"Unapplied","Applied") -> Applied
A5: 4 | B5: AC4000 | C5: PO100006 | D5: 46195 | E5: 1161.12 | F5: PMT4 | G5: =IF(COUNTIFS(Reconciliation!$B$2:$B$101,B5,Reconciliation!$C$2:$C$101,C5)=0,"Unapplied","Applied") -> Applied
A6: 5 | B6: AC1000 | C6: PO100008 | D6: 46197 | E6: 348.04 | F6: PMT5 | G6: =IF(COUNTIFS(Reconciliation!$B$2:$B$101,B6,Reconciliation!$C$2:$C$101,C6)=0,"Unapplied","Applied") -> Applied
A7: 6 | B7: AC1000 | C7: PO100009 | D7: 46206 | E7: 1039.61 | F7: PMT6 | G7: =IF(COUNTIFS(Reconciliation!$B$2:$B$101,B7,Reconciliation!$C$2:$C$101,C7)=0,"Unapplied","Applied") -> Applied
A8: 7 | B8: AC1000 | C8: PO100010 | D8: 46190 | E8: 1376.55 | F8: PMT7 | G8: =IF(COUNTIFS(Reconciliation!$B$2:$B$101,B8,Reconciliation!$C$2:$C$101,C8)=0,"Unapplied","Applied") -> Applied
A9: 8 | B9: AC3000 | C9: PO100011 | D9: 46192 | E9: 291.48 | F9: PMT8 | G9: =IF(COUNTIFS(Reconciliation!$B$2:$B$101,B9,Reconciliation!$C$2:$C$101,C9)=0,"Unapplied","Applied") -> Applied
A10: 9 | B10: AC3000 | C10: PO100012 | D10: 46206 | E10: 2129.32 | F10: PMT9 | G10: =IF(COUNTIFS(Reconciliation!$B$2:$B$101,B10,Reconciliation!$C$2:$C$101,C10)=0,"Unapplied","Applied") -> Applied
A11: 10 | B11: AC3000 | C11: PO100013 | D11: 46201 | E11: 1691.26 | F11: PMT10 | G11: =IF(COUNTIFS(Reconciliation!$B$2:$B$101,B11,Reconciliation!$C$2:$C$101,C11)=0,"Unapplied","Applied") -> Applied
A12: 11 | B12: AC2000 | C12: PO100014 | D12: 46184 | E12: 557.66 | F12: PMT11 | G12: =IF(COUNTIFS(Reconciliation!$B$2:$B$101,B12,Reconciliation!$C$2:$C$101,C12)=0,"Unapplied","Applied") -> Applied
A13: 12 | B13: AC3000 | C13: PO100015 | D13: 46191 | E13: 874.06 | F13: PMT12 | G13: =IF(COUNTIFS(Reconciliation!$B$2:$B$101,B13,Reconciliation!$C$2:$C$101,C13)=0,"Unapplied","Applied") -> Applied
... A106: 105 | B106: AC2000 | C106: PO100110 | D106: 46197 | E106: 344.12 | F106: PMT105 | G106: =IF(COUNTIFS(Reconciliation!$B$2:$B$101,B106,Reconciliation!$C$2:$C$101,C106)=0,"Unapplied","Applied") -> Applied
